row,nombre,apellido
1,Edgar,Gonzalez
2,Sophia,Gonzalez
3,Mariangel,Avila
1,Edgar,Gonzalez
2,Sophia,Gonzalez
3,Mariangel,Avila
1,Edgar,Gonzalez
2,Sophia,Gonzalez
3,Mariangel,Avila
1,Edgar,Gonzalez
2,Sophia,Gonzalez
3,Mariangel,Avila
1,Edgar,Gonzalez
2,Sophia,Gonzalez
3,Mariangel,Avila
1,Edgar,Gonzalez
2,Sophia,Gonzalez
3,Mariangel,Avila
1,Edgar,Gonzalez
2,Sophia,Gonzalez
3,Mariangel,Avila
1,Edgar,Gonzalez
2,Sophia,Gonzalez
3,Mariangel,Avila
1,Edgar,Gonzalez
2,Sophia,Gonzalez
3,Mariangel,Avila
1,Edgar,Gonzalez
2,Sophia,Gonzalez
3,Mariangel,Avila
1,Edgar,Gonzalez
2,Sophia,Gonzalez
3,Mariangel,Avila
1,Edgar,Gonzalez
2,Sophia,Gonzalez
3,Mariangel,Avila
1,Edgar,Gonzalez
2,Sophia,Gonzalez
3,Mariangel,Avila
1,Edgar,Gonzalez
2,Sophia,Gonzalez
3,Mariangel,Avila
1,Edgar,Gonzalez
2,Sophia,Gonzalez
3,Mariangel,Avila
1,Edgar,Gonzalez
2,Sophia,Gonzalez
3,Mariangel,Avila
1,Edgar,Gonzalez
2,Sophia,Gonzalez
3,Mariangel,Avila
1,Edgar,Gonzalez
2,Sophia,Gonzalez
3,Mariangel,Avila
1,Edgar,Gonzalez
2,Sophia,Gonzalez
3,Mariangel,Avila
1,Edgar,Gonzalez
2,Sophia,Gonzalez
3,Mariangel,Avila
1,Edgar,Gonzalez
2,Sophia,Gonzalez
3,Mariangel,Avila
1,Edgar,Gonzalez
2,Sophia,Gonzalez
3,Mariangel,Avila
1,Edgar,Gonzalez
2,Sophia,Gonzalez
3,Mariangel,Avila
1,Edgar,Gonzalez
2,Sophia,Gonzalez
3,Mariangel,Avila
1,Edgar,Gonzalez
2,Sophia,Gonzalez
3,Mariangel,Avila
1,Edgar,Gonzalez
2,Sophia,Gonzalez
3,Mariangel,Avila
1,Edgar,Gonzalez
2,Sophia,Gonzalez
3,Mariangel,Avila
1,Edgar,Gonzalez
2,Sophia,Gonzalez
3,Mariangel,Avila
1,Edgar,Gonzalez
2,Sophia,Gonzalez
3,Mariangel,Avila
1,Edgar,Gonzalez
2,Sophia,Gonzalez
3,Mariangel,Avila
1,Edgar,Gonzalez
2,Sophia,Gonzalez
3,Mariangel,Avila
1,Edgar,Gonzalez
2,Sophia,Gonzalez
3,Mariangel,Avila
1,Edgar,Gonzalez
2,Sophia,Gonzalez
3,Mariangel,Avila
1,Edgar,Gonzalez
2,Sophia,Gonzalez
3,Mariangel,Avila

